id,name,email,city,title,post_count
1,Leanne Graham,sincere@april.biz,Gwenborough,sunt aut facere repellat provident occaecati excepturi optio reprehenderit,10
1,Leanne Graham,sincere@april.biz,Gwenborough,qui est esse,10
1,Leanne Graham,sincere@april.biz,Gwenborough,ea molestias quasi exercitationem repellat qui ipsa sit aut,10
1,Leanne Graham,sincere@april.biz,Gwenborough,eum et est occaecati,10
1,Leanne Graham,sincere@april.biz,Gwenborough,nesciunt quas odio,10
1,Leanne Graham,sincere@april.biz,Gwenborough,dolorem eum magni eos aperiam quia,10
1,Leanne Graham,sincere@april.biz,Gwenborough,magnam facilis autem,10
1,Leanne Graham,sincere@april.biz,Gwenborough,dolorem dolore est ipsam,10
1,Leanne Graham,sincere@april.biz,Gwenborough,nesciunt iure omnis dolorem tempora et accusantium,10
1,Leanne Graham,sincere@april.biz,Gwenborough,optio molestias id quia eum,10
2,Ervin Howell,shanna@melissa.tv,Wisokyburgh,et ea vero quia laudantium autem,10
2,Ervin Howell,shanna@melissa.tv,Wisokyburgh,in quibusdam tempore odit est dolorem,10
2,Ervin Howell,shanna@melissa.tv,Wisokyburgh,dolorum ut in voluptas mollitia et saepe quo animi,10
2,Ervin Howell,shanna@melissa.tv,Wisokyburgh,voluptatem eligendi optio,10
2,Ervin Howell,shanna@melissa.tv,Wisokyburgh,eveniet quod temporibus,10
2,Ervin Howell,shanna@melissa.tv,Wisokyburgh,sint suscipit perspiciatis velit dolorum rerum ipsa laboriosam odio,10
2,Ervin Howell,shanna@melissa.tv,Wisokyburgh,fugit voluptas sed molestias voluptatem provident,10
2,Ervin Howell,shanna@melissa.tv,Wisokyburgh,voluptate et itaque vero tempora molestiae,10
2,Ervin Howell,shanna@melissa.tv,Wisokyburgh,adipisci placeat illum aut reiciendis qui,10
2,Ervin Howell,shanna@melissa.tv,Wisokyburgh,doloribus ad provident suscipit at,10
3,Clementine Bauch,nathan@yesenia.net,McKenziehaven,asperiores ea ipsam voluptatibus modi minima quia sint,10
3,Clementine Bauch,nathan@yesenia.net,McKenziehaven,dolor sint quo a velit explicabo quia nam,10
3,Clementine Bauch,nathan@yesenia.net,McKenziehaven,maxime id vitae nihil numquam,10
3,Clementine Bauch,nathan@yesenia.net,McKenziehaven,autem hic labore sunt dolores incidunt,10
3,Clementine Bauch,nathan@yesenia.net,McKenziehaven,rem alias distinctio quo quis,10
3,Clementine Bauch,nathan@yesenia.net,McKenziehaven,est et quae odit qui non,10
3,Clementine Bauch,nathan@yesenia.net,McKenziehaven,quasi id et eos tenetur aut quo autem,10
3,Clementine Bauch,nathan@yesenia.net,McKenziehaven,delectus ullam et corporis nulla voluptas sequi,10
3,Clementine Bauch,nathan@yesenia.net,McKenziehaven,iusto eius quod necessitatibus culpa ea,10
3,Clementine Bauch,nathan@yesenia.net,McKenziehaven,a quo magni similique perferendis,10
4,Patricia Lebsack,julianne.oconner@kory.org,South Elvis,ullam ut quidem id aut vel consequuntur,10
4,Patricia Lebsack,julianne.oconner@kory.org,South Elvis,doloremque illum aliquid sunt,10
4,Patricia Lebsack,julianne.oconner@kory.org,South Elvis,qui explicabo molestiae dolorem,10
4,Patricia Lebsack,julianne.oconner@kory.org,South Elvis,magnam ut rerum iure,10
4,Patricia Lebsack,julianne.oconner@kory.org,South Elvis,id nihil consequatur molestias animi provident,10
4,Patricia Lebsack,julianne.oconner@kory.org,South Elvis,fuga nam accusamus voluptas reiciendis itaque,10
4,Patricia Lebsack,julianne.oconner@kory.org,South Elvis,provident vel ut sit ratione est,10
4,Patricia Lebsack,julianne.oconner@kory.org,South Elvis,explicabo et eos deleniti nostrum ab id repellendus,10
4,Patricia Lebsack,julianne.oconner@kory.org,South Elvis,eos dolorem iste accusantium est eaque quam,10
4,Patricia Lebsack,julianne.oconner@kory.org,South Elvis,enim quo cumque,10
5,Chelsey Dietrich,lucio_hettinger@annie.ca,Roscoeview,non est facere,10
5,Chelsey Dietrich,lucio_hettinger@annie.ca,Roscoeview,commodi ullam sint et excepturi error explicabo praesentium voluptas,10
5,Chelsey Dietrich,lucio_hettinger@annie.ca,Roscoeview,eligendi iste nostrum consequuntur adipisci praesentium sit beatae perferendis,10
5,Chelsey Dietrich,lucio_hettinger@annie.ca,Roscoeview,optio dolor molestias sit,10
5,Chelsey Dietrich,lucio_hettinger@annie.ca,Roscoeview,ut numquam possimus omnis eius suscipit laudantium iure,10
5,Chelsey Dietrich,lucio_hettinger@annie.ca,Roscoeview,aut quo modi neque nostrum ducimus,10
5,Chelsey Dietrich,lucio_hettinger@annie.ca,Roscoeview,quibusdam cumque rem aut deserunt,10
5,Chelsey Dietrich,lucio_hettinger@annie.ca,Roscoeview,ut voluptatem illum ea doloribus itaque eos,10
5,Chelsey Dietrich,lucio_hettinger@annie.ca,Roscoeview,laborum non sunt aut ut assumenda perspiciatis voluptas,10
5,Chelsey Dietrich,lucio_hettinger@annie.ca,Roscoeview,repellendus qui recusandae incidunt voluptates tenetur qui omnis exercitationem,10
6,Mrs. Dennis Schulist,karley_dach@jasper.info,South Christy,soluta aliquam aperiam consequatur illo quis voluptas,10
6,Mrs. Dennis Schulist,karley_dach@jasper.info,South Christy,qui enim et consequuntur quia animi quis voluptate quibusdam,10
6,Mrs. Dennis Schulist,karley_dach@jasper.info,South Christy,ut quo aut ducimus alias,10
6,Mrs. Dennis Schulist,karley_dach@jasper.info,South Christy,sit asperiores ipsam eveniet odio non quia,10
6,Mrs. Dennis Schulist,karley_dach@jasper.info,South Christy,sit vel voluptatem et non libero,10
6,Mrs. Dennis Schulist,karley_dach@jasper.info,South Christy,qui et at rerum necessitatibus,10
6,Mrs. Dennis Schulist,karley_dach@jasper.info,South Christy,sed ab est est,10
6,Mrs. Dennis Schulist,karley_dach@jasper.info,South Christy,voluptatum itaque dolores nisi et quasi,10
6,Mrs. Dennis Schulist,karley_dach@jasper.info,South Christy,qui commodi dolor at maiores et quis id accusantium,10
6,Mrs. Dennis Schulist,karley_dach@jasper.info,South Christy,consequatur placeat omnis quisquam quia reprehenderit fugit veritatis facere,10
7,Kurtis Weissnat,telly.hoeger@billy.biz,Howemouth,voluptatem doloribus consectetur est ut ducimus,10
7,Kurtis Weissnat,telly.hoeger@billy.biz,Howemouth,beatae enim quia vel,10
7,Kurtis Weissnat,telly.hoeger@billy.biz,Howemouth,voluptas blanditiis repellendus animi ducimus error sapiente et suscipit,10
7,Kurtis Weissnat,telly.hoeger@billy.biz,Howemouth,et fugit quas eum in in aperiam quod,10
7,Kurtis Weissnat,telly.hoeger@billy.biz,Howemouth,consequatur id enim sunt et et,10
7,Kurtis Weissnat,telly.hoeger@billy.biz,Howemouth,repudiandae ea animi iusto,10
7,Kurtis Weissnat,telly.hoeger@billy.biz,Howemouth,aliquid eos sed fuga est maxime repellendus,10
7,Kurtis Weissnat,telly.hoeger@billy.biz,Howemouth,odio quis facere architecto reiciendis optio,10
7,Kurtis Weissnat,telly.hoeger@billy.biz,Howemouth,fugiat quod pariatur odit minima,10
7,Kurtis Weissnat,telly.hoeger@billy.biz,Howemouth,voluptatem laborum magni,10
8,Nicholas Runolfsdottir V,sherwood@rosamond.me,Aliyaview,et iusto veniam et illum aut fuga,10
8,Nicholas Runolfsdottir V,sherwood@rosamond.me,Aliyaview,sint hic doloribus consequatur eos non id,10
8,Nicholas Runolfsdottir V,sherwood@rosamond.me,Aliyaview,consequuntur deleniti eos quia temporibus ab aliquid at,10
8,Nicholas Runolfsdottir V,sherwood@rosamond.me,Aliyaview,enim unde ratione doloribus quas enim ut sit sapiente,10
8,Nicholas Runolfsdottir V,sherwood@rosamond.me,Aliyaview,dignissimos eum dolor ut enim et delectus in,10
8,Nicholas Runolfsdottir V,sherwood@rosamond.me,Aliyaview,doloremque officiis ad et non perferendis,10
8,Nicholas Runolfsdottir V,sherwood@rosamond.me,Aliyaview,necessitatibus quasi exercitationem odio,10
8,Nicholas Runolfsdottir V,sherwood@rosamond.me,Aliyaview,quam voluptatibus rerum veritatis,10
8,Nicholas Runolfsdottir V,sherwood@rosamond.me,Aliyaview,pariatur consequatur quia magnam autem omnis non amet,10
8,Nicholas Runolfsdottir V,sherwood@rosamond.me,Aliyaview,labore in ex et explicabo corporis aut quas,10
9,Glenna Reichert,chaim_mcdermott@dana.io,Bartholomebury,tempora rem veritatis voluptas quo dolores vero,10
9,Glenna Reichert,chaim_mcdermott@dana.io,Bartholomebury,laudantium voluptate suscipit sunt enim enim,10
9,Glenna Reichert,chaim_mcdermott@dana.io,Bartholomebury,odit et voluptates doloribus alias odio et,10
9,Glenna Reichert,chaim_mcdermott@dana.io,Bartholomebury,optio ipsam molestias necessitatibus occaecati facilis veritatis dolores aut,10
9,Glenna Reichert,chaim_mcdermott@dana.io,Bartholomebury,dolore veritatis porro provident adipisci blanditiis et sunt,10
9,Glenna Reichert,chaim_mcdermott@dana.io,Bartholomebury,placeat quia et porro iste,10
9,Glenna Reichert,chaim_mcdermott@dana.io,Bartholomebury,nostrum quis quasi placeat,10
9,Glenna Reichert,chaim_mcdermott@dana.io,Bartholomebury,sapiente omnis fugit eos,10
9,Glenna Reichert,chaim_mcdermott@dana.io,Bartholomebury,sint soluta et vel magnam aut ut sed qui,10
9,Glenna Reichert,chaim_mcdermott@dana.io,Bartholomebury,ad iusto omnis odit dolor voluptatibus,10
10,Clementina DuBuque,rey.padberg@karina.biz,Lebsackbury,aut amet sed,10
10,Clementina DuBuque,rey.padberg@karina.biz,Lebsackbury,ratione ex tenetur perferendis,10
10,Clementina DuBuque,rey.padberg@karina.biz,Lebsackbury,beatae soluta recusandae,10
10,Clementina DuBuque,rey.padberg@karina.biz,Lebsackbury,qui qui voluptates illo iste minima,10
10,Clementina DuBuque,rey.padberg@karina.biz,Lebsackbury,id minus libero illum nam ad officiis,10
10,Clementina DuBuque,rey.padberg@karina.biz,Lebsackbury,quaerat velit veniam amet cupiditate aut numquam ut sequi,10
10,Clementina DuBuque,rey.padberg@karina.biz,Lebsackbury,quas fugiat ut perspiciatis vero provident,10
10,Clementina DuBuque,rey.padberg@karina.biz,Lebsackbury,laboriosam dolor voluptates,10
10,Clementina DuBuque,rey.padberg@karina.biz,Lebsackbury,temporibus sit alias delectus eligendi possimus magni,10
10,Clementina DuBuque,rey.padberg@karina.biz,Lebsackbury,at nam consequatur ea labore ea harum,10
