country,title,description,content,url,source_name,source_url,published_at,fetched_at
Nepal,Area in Connacht receives UNESCO recognition,An area across north Galway and south Mayo has been formally designated as a UNESCO recognised Global Geopark.,"An area across north Galway and south Mayo has been formally designated as a UNESCO recognised Global Geopark.
The accolade from the United Nations Educational, Scientific and Cultural Organisation recognises areas of outstanding natural beauty, alon... [3376 chars]",https://www.rte.ie/news/regional/2026/0424/1569860-joyce-country-and-western-lakes-geopark/,RTE.ie,https://www.rte.ie,2026-04-23T23:01:00Z,2026-04-24T11:01:09Z
Nepal,ZCTU implores govt to review US$150 minimum wage,"THE Zimbabwe Congress of Trade Unions (ZCTU) says the government gazetted US$150 minimum wages is choking collective bargaining negotiations prompting calls for an urgent review. The national minimum wage in Zimbabwe is set at US$150 per month (or the equivalent in the Zimbabwe Gold/ZiG currency), as established by Statutory Instrument 186 of 2024. Speaking during […]","THE Zimbabwe Congress of Trade Unions (ZCTU) says the government gazetted US$150 minimum wages is choking collective bargaining negotiations prompting calls for an urgent review.
The national minimum wage in Zimbabwe is set at US$150 per month (or th... [1429 chars]",https://www.newzimbabwe.com/zctu-implores-govt-to-review-us150-minimum-wage/,NewZimbabwe.com,https://www.newzimbabwe.com,2026-04-23T23:00:43Z,2026-04-24T11:01:09Z
Nepal,"Charlize Theron, Taron Egerton in Netflix Thriller",Charlize Theron plays an adrenaline junkie hunted in remote Australia by Taron Egerton's psycho killer in Baltasar Kormákur’s Netflix thriller 'Apex.,"Anyone who has seen Charlize Theron kick butts onscreen knows she has the tough athleticism to handle herself in the most punishing action roles. Whether with firearms and blades, fists and feet or behind the wheel, her work is made more visceral by ... [5695 chars]",https://www.hollywoodreporter.com/movies/movie-reviews/apex-review-charlize-theron-taron-egerton-netflix-1236572615/,The Hollywood Reporter,https://www.hollywoodreporter.com,2026-04-23T23:00:29Z,2026-04-24T11:01:09Z
Nepal,NFL draft 2026: Raiders pick Fernando Mendoza No 1 as Cardinals take RB Love at No 3 - live,"David Lengel has updates from the NFL draft in Pittsburgh as Fernando Mendoza, Jeremiyah Love and other top prospects find their teams","Key events
Show key events only
Please turn on JavaScript to use this feature
No3: Arizona Cardinals
Are they going with Love? The pick is in! Cardinals general manager Monti Ossenfort select Jeremiah Love, RB, Notre Dame. Only 21 touchdowns last sea... [12973 chars]",https://www.theguardian.com/sport/live/2026/apr/23/nfl-draft-live-updates,The Guardian,https://www.theguardian.com,2026-04-23T23:00:00Z,2026-04-24T11:01:09Z
Nepal,"Evacuations after slip north of Auckland, heavy rain warnings in place",Warnings and watches cover most of Northland and Auckland.,"Most of Auckland and Northland is being warned about heavy rain ahead of the long weekend, with evacuations underway in Waiwera after a slip.
There are orange heavy rain warnings in place for eastern Northland (south of Kawakawa), Great Barrier Islan... [2624 chars]",https://www.1news.co.nz/2026/04/24/most-of-auckland-northland-warned-about-heavy-rain/,1News,https://www.1news.co.nz,2026-04-23T23:00:00Z,2026-04-24T11:01:09Z
Nepal,Arsenal or Man City? Premier League title race fixtures assessed as Pep Guardiola and Mikel Arteta battle for first place,"Ahead of the final weeks of the Premier League season, Sports Mole assesses Manchester City and Arsenal's final five fixtures as both compete for the title.","The final weeks of the Premier League season are set to be tense, as Manchester City and Arsenal battle for the title.
Following Man City's wins against the Gunners and Burnley, Pep Guardiola's side have lept ahead of the Londoners into first place.
... [3966 chars]",https://www.sportsmole.co.uk/football/man-city/title-race/feature/title-race-arsenal-and-citys-fixtures-assessed-as-goal-difference-becomes-key_596318.html,Sports Mole,https://www.sportsmole.co.uk,2026-04-23T22:58:48Z,2026-04-24T11:01:09Z
Nepal,When Will Ivy Return to Bold & Beautiful? Ashleigh Brewer Interview,"As fans wonder when will Ivy return to Bold & Beautiful, Ashleigh Brewer shares her excitement about the storyline that she hopes awaits!","The April 23 episode of The Bold and the Beautiful marked the end of the line for Poison Ivy Forrester — for now. Her machinations to keep niece Electra away from boyfriend Will Spencer finally came to light, and the conniver admitted that what she’d... [1618 chars]",https://soaps.sheknows.com/the-bold-and-the-beautiful/news/825382/when-will-ivy-return/,Soaps.com,https://soaps.sheknows.com,2026-04-23T22:56:03Z,2026-04-24T11:01:09Z
Nepal,"Claude can now connect to lifestyle apps like Spotify, Instacart and AllTrails",Anthropic is expanding its directory of connected services for its Claude AI chatbot.,"Anthropic is expanding its directory of connected services for its Claude AI chatbot. The platform can now link up with your accounts on AllTrails, Audible, Booking.com, Instacart, Intuit Credit Karma, Intuit TurboTax, Resy, Spotify, StubHub, Taskrab... [1100 chars]",https://www.engadget.com/ai/claude-can-now-connect-to-lifestyle-apps-like-spotify-instacart-and-alltrails-225510552.html,Engadget,https://www.engadget.com,2026-04-23T22:55:10Z,2026-04-24T11:01:09Z
Nepal,Farmland distribution scheme launched,Each successful applicant will be allotted agricultural land worth Rs2.5 million to Rs4 million for cultivation,"LAHORE:
Punjab Chief Minister Maryam Nawaz Sharif has inaugurated the portal for a scheme to distribute agricultural land worth Rs160 billion among landless rural residents.
The Apna Khet, Apna Rozgar Scheme aims to promote agricultural productivity ... [1302 chars]",https://tribune.com.pk/story/2604505/farmland-distribution-scheme-launched,The Express Tribune,https://tribune.com.pk,2026-04-23T22:54:16Z,2026-04-24T11:01:09Z
Nepal,CM hails Dr Hasnat's decision to serve compatriots,CM hails Dr Hasnat's decision to serve compatriots,"LAHORE:
Congratulating renowned British-Pakistani cardiologist Dr Hasnat Khan on assuming charge of the Jinnah Institute of Cardiology, Punjab Chief Minister Maryam Nawaz Sharif has appreciated his decision to return from England to serve his country... [1082 chars]",https://tribune.com.pk/story/2604504/cm-hails-dr-hasnats-decision-to-serve-compatriots,The Express Tribune,https://tribune.com.pk,2026-04-23T22:54:04Z,2026-04-24T11:01:09Z
India,Telangana RTC strike | A transport system stuck in breakdown mode,"The Telangana RTC strike halts public transport, leaving 65 lakh commuters stranded amid unresolved employee demands and systemic issues.","On April 22, the Mahatma Gandhi Bus Station (MGBS) in Hyderabad, usually a chaos of milling crowds and groaning engines, fell silent. Buses stood in long lines, bay after bay, their engines cold. For nearly 65 lakh daily commuters across Telangana, t... [566 chars]",https://www.thehindu.com/news/national/telangana/telangana-rtc-strike-a-transport-system-stuck-in-breakdown-mode/article70899113.ece,The Hindu,https://www.thehindu.com,2026-04-23T22:30:00Z,2026-04-24T11:01:10Z
India,Meta lines up layoffs while Microsoft offers buyouts,"Meta will lay off 8,000 workers while Microsoft is offering buyouts to 8,750 people, a first for the Windows maker.","Meta is laying off about 8,000 workers, or about 10 percent of its workforce, the company has said as it continues to ramp up spending on artificial intelligence infrastructure and highly paid AI-expert hires.
On Thursday, the company said it was mak... [2537 chars]",https://www.aljazeera.com/economy/2026/4/23/meta-lines-up-layoffs-while-microsoft-offers-buyouts,Al Jazeera,https://www.aljazeera.com,2026-04-23T22:16:49Z,2026-04-24T11:01:10Z
India,'Don't rush me': Trump denies setting deadline for Iran proposal; turns down nuclear options,US News: US President Donald Trump on Thursday used an Oval Office interaction with reporters to strike a defiant tone on Iran as he claimed that he was in no .,".
US President Donald Trump on Thursday used an Oval Office interaction with reporters to strike a defiant tone on Iran as he claimed that he was in no hurry to reach a deal. Trump also rejected the use of nuclear weapons and claimed that Washington ... [3074 chars]",https://timesofindia.indiatimes.com/world/us/dont-rush-me-trump-denies-setting-deadline-for-iran-proposal-turns-down-nuclear-options/articleshow/130478707.cms,The Times of India,https://timesofindia.indiatimes.com,2026-04-23T21:24:00Z,2026-04-24T11:01:10Z
India,Q&A with Twin Health’s chief medical officer Lisa Shah,Lisa Shah’s parents were her first patients in the program.,"Each week, we schedule our rounds with Healthcare Brew readers. Want to be featured in an upcoming edition? Click here to introduce yourself.
For five and a half years, Lisa Shah has served as chief medical officer and EVP at health tech Twin Health.... [3129 chars]",https://www.healthcare-brew.com/stories/2026/04/23/twin-health-chief-medical-officer-digital-twins,Healthcare Brew,https://www.healthcare-brew.com,2026-04-23T21:17:41Z,2026-04-24T11:01:10Z
India,"""He fathered her child"": Dianna Russini’s alleged confession about her older son adds a new twist to the Mike Vrabel saga","NFL News: Mike Vrabel, the New England Patriots’ head coach, has publicly announced that he is taking some time off to seek counselling as the alleged affair ru.","Dianna Russini’s alleged confession about her older son adds a new twist to the Mike Vrabel saga.(Image via Getty Images)
Mike Vrabel, the New England Patriots’ head coach, has publicly announced that he is taking some time off to seek counselling as... [2371 chars]",https://timesofindia.indiatimes.com/sports/nfl/news/he-fathered-her-child-dianna-russinis-alleged-confession-about-her-older-son-adds-a-new-twist-to-the-mike-vrabel-saga/articleshow/130478584.cms,The Times of India,https://timesofindia.indiatimes.com,2026-04-23T21:01:00Z,2026-04-24T11:01:10Z
India,"Apple iPhone 18 Dubai Launch 2026: Release Date, Price, Features","Discover everything about the Apple iPhone 18 launch in Dubai 2026: release date, pricing, models, color options, and exciting new features revealed.","The anticipation surrounding the Apple iPhone 18 is already palpable among technology aficionados, even ahead of its formal debut. Leaked insights have unveiled intriguing details regarding the device’s prospective pricing, features, and launch timel... [3181 chars]",https://www.rswebsols.com/news/apple-iphone-18-launch-in-dubai-uae-2026-anticipated-release-date-pricing-models-color-options-and-features/,RS Web Solutions,https://www.rswebsols.com,2026-04-23T21:00:00Z,2026-04-24T11:01:10Z
India,Breastfeeding May Lower Asthma Risk,New study shows breastfeeding for at least 4 months was linked to lower asthma and IgE sensitization. Read more.,"BREASTFEEDING for at least four months was linked to lower asthma and IgE sensitization into young adulthood.
Exclusive breastfeeding for at least four months was associated with lower odds of asthma and Immunoglobulin E (IgE) sensitization through a... [2644 chars]",https://www.emjreviews.com/respiratory/news/breastfeeding-tied-to-lower-asthma-risk/,EMJ,https://www.emjreviews.com,2026-04-23T20:31:42Z,2026-04-24T11:01:10Z
India,"One dead after shooting at US mall, bystanders hit as rival groups clash",Authorities said the shooting on Thursday at the Mall of Louisiana in Baton Rouge city stemmed from a clash between two groups and was not a random attack.,"At least one person was killed, and five others were injured after gunfire erupted at a food court inside a mall in the US state of Louisiana. The incident took place on Thursday at the Mall of Louisiana in Baton Rouge city.
Authorities said the shoo... [1313 chars]",https://www.indiatoday.in/world/us-news/story/mass-shooting-at-mall-of-louisiana-leaves-7-people-injured-police-lock-down-building-2900720-2026-04-24,India Today,https://www.indiatoday.in,2026-04-23T19:47:51Z,2026-04-24T11:01:10Z
India,US Iran war LIVE updates: Trump's 'ticking clock’ warning for Tehran; third US aircraft carrier arrives in Middle East,"US Iran war LIVE updates: The war began with US and Israel bombing Iran in February and killing their Supreme leader and other top officials. Tehran has since retaliated, striking US bases on the Gulf. A ceasefire announced in April by Trump, with mediation by Pakistan, has failed to revive talks. | World News","By ,
US Iran war LIVE updates: The war began with US and Israel bombing Iran in February and killing their Supreme leader and other top officials. Tehran has since retaliated, striking US bases on the Gulf. A ceasefire announced in April by Trump, wi... [40516 chars]",https://www.hindustantimes.com/world-news/us-iran-war-live-updates-peace-talks-trump-pakistan-tehran-ceasefire-strait-of-hormuz-abbas-araghchi-israel-latest-news-101776908722460.html,Hindustan Times,https://www.hindustantimes.com,2026-04-23T19:37:08Z,2026-04-24T11:01:10Z
India,"Delhi Murder Autopsy Reveals Ex-Help's Brutality, Woman's Fight To Save Life","The woman was raped and murdered on Wednesday morning in Delhi, allegedly by her family's former domestic help.","New Delhi:
The post-mortem examination of the IRS officer's daughter has revealed the brutality she was subjected to before her death, highlighting injuries with a blunt object on her face, including a broken nasal bone. The autopsy states there were... [1685 chars]",https://www.ndtv.com/india-news/delhi-murder-autopsy-reveals-ex-helps-brutality-womans-fight-to-save-life-11400806,NDTV,https://www.ndtv.com,2026-04-23T19:11:58Z,2026-04-24T11:01:10Z
UK,"Speculation about 'missing scientists' is 'denigrating to their memories,' widow says",Conspiracies are running rampant online after the deaths or disappearances of at least 10 people tied to sensitive US research.,"The disappearances and deaths of at least 10 people tied to sensitive US research have drawn scrutiny from online sleuths and now federal investigators. But for grieving relatives, all the wild speculation is ""disgusting"".
Carl Grillmair ""would laugh... [7445 chars]",https://www.bbc.co.uk/news/articles/cwyw9rpdl4po,BBC,https://www.bbc.co.uk,2026-04-23T22:52:20Z,2026-04-24T11:01:11Z
UK,Singer D4vd found with 'significant amount' of child sex abuse images,"The Tiktok star's attorneys have maintained his innocence and vowed to ""vigorously defend"" him.","US singer D4vd has been accused of having ""a significant amount"" of images depicting child sex abuse on his phone and iCloud account when he was arrested over the death of a 14-year-old girl found in his car, prosecutors say.
The discovery was made t... [3843 chars]",https://www.bbc.co.uk/news/articles/cn53vg3y574o,BBC,https://www.bbc.co.uk,2026-04-23T22:37:08Z,2026-04-24T11:01:11Z
UK,Adam Hall jailed for at least 23 years for deliberately infecting partners with HIV,Adam Hall was diagnosed with HIV in 2010 but had unprotected sex despite not adhering to his treatment,"A 43-year-old man has been jailed for life, with a minimum term of 23 years, for deliberately infecting sexual partners with HIV and raping some of his victims.
Adam Hall was sentenced at Newcastle Crown Court on Thursday.
Hall, from Donvale Road, Wa... [3117 chars]",https://www.independent.co.uk/news/uk/crime/hiv-newcastle-sentence-adam-hall-b2963676.html,The Independent,https://www.independent.co.uk,2026-04-23T22:26:00Z,2026-04-24T11:01:11Z
UK,Premier League Darts 2026: Luke Littler beats Jonny Clayton to win in Liverpool,Luke Littler strengthens his grip on a play-off place in the Premier League with an impressive 6-1 win over Jonny Clayton.,"Luke Littler overcame a chorus of boos in Liverpool to strengthen his grip on a Premier League play-off place with an impressive 6-1 win over Jonny Clayton.
Manchester United fan Littler, 19, was booed throughout the night on Merseyside, but he kept ... [1630 chars]",https://www.bbc.co.uk/sport/darts/articles/cx2v3g2qyx7o,BBC,https://www.bbc.co.uk,2026-04-23T22:12:54Z,2026-04-24T11:01:11Z
UK,ITV News Exclusive: Prince Harry urges world not to lose sight of Ukraine as he makes surprise visit,He has made the unannounced visit to Kyiv at a time when the focus of international concern has been on the war in Iran. | ITV National News,"Prince Harry said it was good to be back in Ukraine following his surprise arrival, as ITV News' Royal Editor Chris Ship reports from Kyiv.
Prince Harry has returned to Ukraine, urging the world not to lose sight of what the country is up against.
He... [2909 chars]",https://www.itv.com/news/2026-04-23/prince-harry-urges-world-not-to-lose-sight-of-ukraine-as-he-makes-surprise-visit,ITVX,https://www.itv.com,2026-04-23T22:06:15Z,2026-04-24T11:01:11Z
UK,Nothing introduces Essential Voice speech-to-text transcription and translation,"It's available now for the Nothing Phone (3). Today Nothing has unveiled Essential Voice, a speech-to-text engine that promises to deliver ""clear,...","Today Nothing has unveiled Essential Voice, a speech-to-text engine that promises to deliver ""clear, ready-to-send text in real time"". Thus, it improves upon the traditional dictation that, while turning speech into text, includes all the ums, uhs, a... [1897 chars]",https://www.gsmarena.com/nothing_introduces_essential_voice_a_better_speechtotext_transcription_and_translation_service-news-72520.php,GSMArena.com,https://www.gsmarena.com,2026-04-23T21:36:02Z,2026-04-24T11:01:11Z
UK,"Tactical errors, player tension and BlueCo decision - How Liam Rosenior tenure unravelled at Chelsea","Eyebrows were raised when Enzo Maresca left Chelsea, and even more so once Liam Rosenior was announced as his successor. But less than four months","Eyebrows were raised when Enzo Maresca left Chelsea, and even more so once Liam Rosenior was announced as his successor.
But less than four months after he joined (106 days to be precise), he was sacked from his position as head coach on Wednesday ev... [8558 chars]",https://talksport.com/football/4206501/liam-rosenior-chelsea-sacked-blueco-players-tactics/,talkSPORT,https://talksport.com,2026-04-23T21:00:00Z,2026-04-24T11:01:11Z
UK,Pentagon crumbles under pressure of Trump’s Iran war,US navy chief’s sacking reveals president’s frustration at failure of department to end ongoing stalemate,"At first, John Phelan could not believe he had been sacked.
A loyalist and major donor to Donald Trump whom the president brought in to shake up the navy, his abrupt firing in the middle of a US blockade against Iranian ships in the Strait of Hormuz ... [4103 chars]",https://www.telegraph.co.uk/us/politics/2026/04/23/white-house-hegseth-navy-chief-sacking/,The Telegraph,https://www.telegraph.co.uk,2026-04-23T21:00:00Z,2026-04-24T11:01:11Z
UK,Sleepy Donald Trump's bizarre day as he rants about not nuking Iran and takes aim at Prince Harry,All the wildest and weirdest moments from Trump's America in the last 24 hours - including his bonkers plan to make huge changes to a very well known historical location,"All the wildest and weirdest moments from Trump's America in the last 24 hours - including his bonkers plan to make huge changes to a very well known historical location
Donald Trump spent this evening fighting wokeness from the Oval Office. By which... [10764 chars]",https://www.mirror.co.uk/news/politics/sleepy-donald-trumps-bizarre-day-37062451,The Mirror,https://www.mirror.co.uk,2026-04-23T20:51:00Z,2026-04-24T11:01:11Z
UK,Victim named and three arrested in connection with Accrington murder,Three people have been arrested in connection with the murder of a man in Accrington.,"Lancashire Constabulary were called by the ambulance service at 10pm yesterday after the man was struck by a VW Passat car at the junction of Blackburn Road and Birch Street in the town centre.
The victim, Matthew Meller, 44, suffered serious injurie... [1919 chars]",https://www.lancashiretelegraph.co.uk/news/26048940.victim-named-three-arrested-connection-accrington-murder/,Lancashire Telegraph,https://www.lancashiretelegraph.co.uk,2026-04-23T19:56:25Z,2026-04-24T11:01:11Z
Australia,"Speculation about 'missing scientists' is 'denigrating to their memories,' widow says",Conspiracies are running rampant online after the deaths or disappearances of at least 10 people tied to sensitive US research.,"The disappearances and deaths of at least 10 people tied to sensitive US research have drawn scrutiny from online sleuths and now federal investigators. But for grieving relatives, all the wild speculation is ""disgusting"".
""I think it's absolute nons... [5870 chars]",https://www.bbc.com/news/articles/cwyw9rpdl4po,BBC,https://www.bbc.com,2026-04-23T22:52:20Z,2026-04-24T11:01:12Z
Australia,Trump says Israel-Lebanon ceasefire to be extended by three weeks,Envoys from the two countries met in Washington as the fragile truce was due to expire on Sunday.,"US President Donald Trump said a ceasefire between Israel and Lebanon would be extended by three weeks after fresh talks between the countries' envoys in Washington.
Announcing the extension on Truth Social, the US president said the meeting ""went ve... [3172 chars]",https://www.bbc.com/news/articles/c62kyk5j28do,BBC,https://www.bbc.com,2026-04-23T22:50:50Z,2026-04-24T11:01:12Z
Australia,Whale Song Unlocks Ocean Data Treasure,"Key Facts:A UNSW-led study demonstrates how a new tool can detect blue whale calls with almost 100% accuracy, despite only being trained on one sample","Key Facts:
A UNSW-led study demonstrates how a new tool can detect blue whale calls with almost 100% accuracy, despite only being trained on one sample song. The tool has the potential to transform how scientists analyse rare and elusive species.
Try... [6604 chars]",https://www.miragenews.com/whale-song-unlocks-ocean-data-treasure-1661318/,Mirage News,https://www.miragenews.com,2026-04-23T22:36:00Z,2026-04-24T11:01:12Z
Australia,Trump orders Navy to 'shoot and kill'; President believes King Charles can help ease tensions; Peace talks continue,"T﻿rump has ordered the Navy to fire ""without hesitation"" if approached.","Hello and welcome to our rolling coverage of the war in the Middle East on Friday, April 24.
US President Donald Trump has ordered the Navy to ""shoot and kill"" any Iranian boats placing mines in the Strait of Hormuz.
Trump said there is no deadline f... [388 chars]",https://www.9news.com.au/world/us-israel-attack-iran-live-updates-april-24-donald-trump-latest-world-news-headlines/4aa34654-9dfb-40a2-9813-57fdc3436ca4,9News,https://www.9news.com.au,2026-04-23T22:25:29Z,2026-04-24T11:01:12Z
Australia,‘Genuinely speechless’: Footy world stunned by ‘gross overreach’ in Collard slur ban reduction,‘Genuinely speechless’: Furore over ‘staggering’ slur ban reduction as AFL world erupts,"The footy world has collectively slammed the Appeal Board’s reasons for slashing Lance Collard’s ban for using a homophobic slur for a second time to effectively just two weeks.
Veteran AFL journalist Gerard Whateley says the Appeal Board slashing La... [5173 chars]",https://www.foxsports.com.au/afl/teams/st-kilda-saints/afl-2026-st-kilda-forward-lance-collards-homophobic-slur-ban-being-slashed-to-two-weeks-by-afl-appeal-board-makes-no-sense-says-gerard-whateley/news-story/82458e74ee86a86d6a0440ade837e34a,Fox Sports,https://www.foxsports.com.au,2026-04-23T22:23:46Z,2026-04-24T11:01:12Z
Australia,Microsoft CEO Satya Nadella exclusive Australian interview on AI training for workers,A﻿nd the man in charge says Australia is in a prime position for the major growth technology.,"Microsoft has announced its largest-ever technology investment in Australia, with chief executive Satya Nadella committing $25 billion to expand AI infrastructure, strengthen national cybersecurity and train three million Australians with AI skills b... [2416 chars]",https://www.9news.com.au/technology/microsoft-ceo-satya-nadella-exclusive-australian-workers-ai-training/ad59e869-eb6d-4b86-a5f0-5c703aed920b,9News,https://www.9news.com.au,2026-04-23T22:20:00Z,2026-04-24T11:01:12Z
Australia,Victoria Cross recipient Keith Payne calls for federal government to step up veteran support,One of Australia's most decorated soldiers has called for a national rethink on the care of veterans and their families.,"One of Australia's most decorated soldiers has called for a national rethink on the care of veterans and their families.
Keith Payne, now aged 92, saved the lives of 40 wounded soldiers in the battle of Ben Het during the Vietnam War.
His bravery in ... [4180 chars]",https://www.abc.net.au/news/2026-04-24/keith-payne-calls-for-better-veterans-care/106473374,Australian Broadcasting Corporation,https://www.abc.net.au,2026-04-23T21:59:47Z,2026-04-24T11:01:12Z
Australia,"Ricky Stuart fumes at players, Canberra Raiders vs Wests Tigers, Round 8, press conference, Joe Tapine","‘Bulls**t, just fix it’: Fuming Ricky puts Raiders on notice with ‘end of season holidays’ blast","Ricky Stuart was fuming at his players over their error-prone ways after they let a 14-10 lead slip to go down to the Tigers 33-14 in Round 8 at Leichhardt Oval.
It means the Raiders face finishing the round in third-last and six points adrift of the... [2844 chars]",https://www.foxsports.com.au/nrl/nrl-premiership/nrl-2026-ricky-stuart-fumes-at-players-canberra-raiders-vs-wests-tigers-round-8-press-conference-joe-tapine/news-story/255b72cd457e933e23d90df7f3fea28a,Fox Sports,https://www.foxsports.com.au,2026-04-23T21:52:27Z,2026-04-24T11:01:12Z
Australia,Appeal board says homophobic and racist language commonplace in AFL due to 'highly competitive' nature of the game,"The appeal board in the Lance Collard homophobia case says homophobic and racist language is commonplace in the AFL due to the ""highly competitive"" nature of the game.","The appeal board at Lance Collard's homophobia case on Thursday night has come under fire after writing that racist, sexist and homophobic language is commonplace in the AFL due to the 'highly competitive' nature of the game.
Collard is now banned fo... [5502 chars]",https://www.abc.net.au/news/2026-04-24/appeals-board-in-lance-collard-case-makes-stunning-claim/106600716,Australian Broadcasting Corporation,https://www.abc.net.au,2026-04-23T21:40:50Z,2026-04-24T11:01:12Z
Australia,Stars in heated post-game clash as Tigers make club history... but win may have come at a cost,"Stars in heated post-game clash as Tigers make history, but win may have come at cost","The Wests Tigers have finally ended their 16-year drought against the Canberra Raiders at Leichhardt Oval, but the win may have come at a high cost.
Watch every game of every round of the NRL Premiership LIVE with no ad-breaks during play on FOX LEAG... [4379 chars]",https://www.foxsports.com.au/nrl/nrl-premiership/nrl-2026-live-updates-wests-tigers-vs-canberra-raiders-score-supercoach-scores-stats-jarome-luai/news-story/f6da0481bd98ccf257b1ac4669bc8887,Fox Sports,https://www.foxsports.com.au,2026-04-23T21:33:45Z,2026-04-24T11:01:12Z
USA,"Meta cuts 8,000 jobs as AI spending surges and efficiency drive accelerates","In the latest round of tech industry job cuts, Meta is laying off about 8,000 workers and Microsoft is offering buyouts to a similar number.","Meta is laying off about 8,000 workers, or about 10% of its workforce, the company said Thursday as it continues to ramp up spending on artificial intelligence infrastructure and highly paid AI-expert hires.
The company said it was making the cuts fo... [1904 chars]",https://apnews.com/article/microsoft-voluntary-buyouts-ai-224eee4489cbc227244558ff02f5919a,AP News,https://apnews.com,2026-04-23T22:53:00Z,2026-04-24T11:01:50Z
USA,Fernando Mendoza launches foundation to support multiple sclerosis research,"Fernando Mendoza's mother, Elsa, has multiple sclerosis, a severe chronic autoimmune disease.","Fernando Mendoza’s mother, Elsa, has multiple sclerosis, a severe chronic autoimmune disease. She is confined to a wheelchair, creating travel difficulties, which is the reason the Heisman Trophy winner is not attending the draft in Pittsburgh.
It’s ... [812 chars]",https://www.nbcsports.com/nfl/profootballtalk/rumor-mill/news/fernando-mendoza-launches-foundation-to-support-multiple-sclerosis-research,NBC Sports,https://www.nbcsports.com,2026-04-23T22:52:33Z,2026-04-24T11:01:50Z
USA,US Reduces Marijuana Restrictions in Lift to Ailing Industry,"The US Justice Department reclassified state-regulated marijuana as a less dangerous drug, a major shift that could increase legal cannabis sales and help a struggling industry.","The US Justice Department reclassified state-regulated marijuana as a less dangerous drug, a major shift that could increase legal cannabis sales and help a struggling industry.
The directive signed by acting Attorney General Todd Blanche moved licen... [306 chars]",https://www.bloomberg.com/news/articles/2026-04-23/us-reclassifies-state-licensed-marijuana-as-less-dangerous-drug,Bloomberg.com,https://www.bloomberg.com,2026-04-23T22:46:14Z,2026-04-24T11:01:50Z
USA,"Michael Tilson Thomas, Celebrated American Conductor, Dies at 81","A galvanizing force in classical music as a conductor, composer, pianist and evangelist, he spent 25 years as music director of the San Francisco Symphony.","Michael Tilson Thomas, the American conductor, composer and pianist whose 25-year tenure as music director of the San Francisco Symphony became a model of collegial music-making, artistic adventurousness and community engagement, died on Wednesday at... [1822 chars]",https://www.nytimes.com/2026/04/23/arts/music/michael-tilson-thomas-dead.html,The New York Times,https://www.nytimes.com,2026-04-23T22:41:15Z,2026-04-24T11:01:50Z
USA,This Flyers fan gave guilty Sidney Crosby a look that spoke for everyone,"Collin, a Flyers fan from Fishtown, went viral for the look he gave Crosby after the Penguins center was called for an embellishment penalty for the first time in his career.","On Wednesday night, two Flyers fans from Fishtown, Calvin and Collin, settled into their seats behind the Pittsburgh Penguins’ penalty box for Game 3 of the Eastern Conference quarterfinals. They were there to celebrate Calvin’s birthday; the tickets... [3476 chars]",https://www.inquirer.com/flyers/sidney-crosby-flyers-fan-penalty-box-look-20260423.html,Inquirer.com,https://www.inquirer.com,2026-04-23T22:33:05Z,2026-04-24T11:01:50Z
USA,"Mike Vrabel speaks after new Dianna Russini photos released: ""My previous actions don't meet the standard that I hold myself to""",Patriots coach Mike Vrabel addressed reporters at Gillette Stadium ahead of the NFL Draft on Thursday after new photos were released of him and an NFL reporter.,"New England Patriots head coach Mike Vrabel addressed reporters at Gillette Stadium ahead of the NFL Draft on Thursday after new photographs of him with reporter Dianna Russini were published earlier in the day. Vrabel, who will not be in attendance ... [3063 chars]",https://www.cbsnews.com/boston/news/watch-live-mike-vrabel-news-conference-dianna-russini-nfl-draft/,CBS News,https://www.cbsnews.com,2026-04-23T22:33:00Z,2026-04-24T11:01:50Z
USA,Pope Leo vents about failure to end Iran war: 'Many innocent people have died',"ABOARD THE PAPAL PLANE — Pope Leo expressed frustration Thursday that U.S. and Iranian leaders have not been able to get the diplomatic efforts to end the war back on track.“One day Iran says 'yes,' the United States says 'no,' and vice versa,” Leo told reporters on the flight back to the Vatican after an 11-day pastoral visit to Africa.","ABOARD THE PAPAL PLANE — Pope Leo expressed frustration Thursday that U.S. and Iranian leaders have not been able to get the diplomatic efforts to end the war back on track.
“One day Iran says 'yes,' the United States says 'no,' and vice versa,” Leo ... [4367 chars]",https://www.nbcnews.com/world/the-vatican/pope-leo-vents-failure-end-iran-war-many-innocent-people-died-rcna341667,NBC News,https://www.nbcnews.com,2026-04-23T22:27:27Z,2026-04-24T11:01:50Z
USA,"How Michael Blended Michael Jackson, Jaafar Jackson's Singing Voices",'Michael' music supervisor John Warhurst details how the fillmmakers blended Michael Jackson's vocals with Jaafar Jackson.,"Jaafar Jackson’s portrayal of his uncle Michael Jackson in the eponymous Michael will assuredly be a talking point among the film’s viewers for months ahead, as the younger Jackson delivers an impressive, spot-on take on the King of Pop, from his loo... [7168 chars]",https://www.hollywoodreporter.com/music/film-tv-music-news/michael-jackson-jaafar-jackson-singing-1236573188/,The Hollywood Reporter,https://www.hollywoodreporter.com,2026-04-23T22:13:22Z,2026-04-24T11:01:50Z
Nepal,MDC approaches High Court after ZRP bars planned protests,"MOVEMENT for Democratic Change (MDC) has filed an urgent chamber application challenging the Zimbabwe Republic Police’s decision to bar its planned demonstration against the Constitutional Amendment Bill Number 3. This is the second time that the opposition has been denied permission by the authorities to protest against the bill, which seeks to extend the tenure […]","MOVEMENT for Democratic Change (MDC) has filed an urgent chamber application challenging the Zimbabwe Republic Police’s decision to bar its planned demonstration against the Constitutional Amendment Bill Number 3.
This is the second time that the opp... [1637 chars]",https://www.newzimbabwe.com/mdc-approaches-high-court-after-zrp-bars-planned-protests/,NewZimbabwe.com,https://www.newzimbabwe.com,2026-04-23T23:08:35Z,2026-04-24T11:10:59Z
Nepal,US soldier charged with using Polymarket to bet on Nicolas Maduro abduction,"The suspect, 38-year-old Gannon Ken Van Dyke, allegedly made $400,000 from insider knowledge of the Venezuela attack.","The United States Department of Justice has filed criminal charges against an active-duty soldier for placing a bet on the abduction of Venezuelan President Nicolas Maduro, using classified military information for personal profit.
On Thursday, prose... [4234 chars]",https://www.aljazeera.com/economy/2026/4/23/us-soldier-charged-with-using-polymarket-to-bet-on-nicolas-maduro-abduction,Al Jazeera,https://www.aljazeera.com,2026-04-23T23:06:51Z,2026-04-24T11:10:59Z
Nepal,Prince Louis' 8th birthday portrait shows 'relatable' family vacation moment: expert,Prince Louis celebrated his eighth birthday with a smiling portrait taken in Cornwall by royal photographer Matt Porteous during a family trip.,"Prince Louis was all sunshine, smiles and charm in his portrait for his eighth birthday.
The royal family released the portrait of Prince William and Kate Middleton’s third born Thursday for his April 23 birthday, which showed him with a gap-toothed ... [3914 chars]",https://www.yahoo.com/entertainment/celebrity/articles/prince-louis-8th-birthday-portrait-230544651.html,Yahoo,https://www.yahoo.com,2026-04-23T23:05:44Z,2026-04-24T11:10:59Z
Nepal,Bay of Plenty’s first dedicated indoor pickleball facility opening in Tauranga,"What started as a “ridiculous idea” has become Tauranga’s newest sporting venture, with the opening of the city’s first dedicated indoor pickleball venue....","“The first thing I said was, ‘Pickleball sounds ridiculous,’ but I gave it a go. I like to try new things,” he said.
“And within five minutes, I was hooked. Silly name aside, it’s unique.”
Inspired by the accessibility and community atmosphere, he re... [2498 chars]",https://www.nzherald.co.nz/bay-of-plenty-times/news/bay-of-plentys-first-dedicated-indoor-pickleball-facility-opening-in-tauranga/73CTFF3NPVFETCLDYCU6OJ2WVU/,NZ Herald,https://www.nzherald.co.nz,2026-04-23T23:05:25Z,2026-04-24T11:10:59Z
Nepal,"Ringo Starr on pizza, country music, Barry Keoghan and being Sir Richard","Beatles star reveals all about his new country album, being a Sir and coming up with the phrase A Hard Day's Night.","""Call me Ringo."" That's what the former Beatles drummer says when asked if we should call him Sir.
He joins us at the swanky Sunset Marquis hotel in West Hollywood where rock stars have gathered for decades in a luxury oasis behind the Sunset Strip.
... [5853 chars]",https://www.bbc.co.uk/news/articles/cp8645d9lvyo,BBC,https://www.bbc.co.uk,2026-04-23T23:05:11Z,2026-04-24T11:10:59Z
Nepal,"Weather live: Landslips in Auckland, Coromandel, homes evacuated amid heavy rain warnings",At least 18 homes have been evacuated and roads are shutting as heavy rain drenches the North Island again.,"Slips are being reported north of Auckland and in Coromandel, after heavy rain drenched the regions.
At least 18 homes have been evacuated after a slip in Waiwera.
Orange heavy rain warnings have been issued for Eastern Northland south of Kawakawa an... [336 chars]",https://www.rnz.co.nz/news/weather/593320/weather-live-landslips-in-auckland-coromandel-homes-evacuated-amid-heavy-rain-warnings,RNZ,https://www.rnz.co.nz,2026-04-23T23:03:32Z,2026-04-24T11:10:59Z
Nepal,Is it ever OK to use someone else's toothbrush?,"About half of us have shared a toothbrush — usually between spouses, or parents and children. We asked the experts if it's a good idea, even in an emergency.","Much to my partner's horror, on the odd occasion I have accidentally used his toothbrush.
And if I was ever stranded without my own — say I forgot to pack it for a weekend away — I'd totally be up for using his over forgoing brushing at all.
A small ... [3562 chars]",https://www.abc.net.au/news/2026-04-24/is-it-ever-ok-to-use-someone-else-s-toothbrush-/106561752,Australian Broadcasting Corporation,https://www.abc.net.au,2026-04-23T23:03:13Z,2026-04-24T11:10:59Z
Nepal,Silver Ferns: Briony Akle named as Dame Noeline Taurua’s assistant coach by Netball NZ,Netball New Zealand has confirmed Briony Akle as the new Silver Ferns assistant coach to partner Dame Noeline Taurua before the Commonwealth Games. The New...,"“I love working with Noeline, who is a world-class coach with one of the greatest track records in the game, as well as the fantastic athletes she has assembled.
“Getting to be part of a team that’s contesting the Commonwealth Games, one of our sport... [2055 chars]",https://www.nzherald.co.nz/sport/netball/silver-ferns/silver-ferns-briony-akle-named-as-dame-noeline-tauruas-assistant-coach-by-netball-nz/NIETVAZGCZDH7FUNFZPPNRIH5A/,NZ Herald,https://www.nzherald.co.nz,2026-04-23T23:02:54Z,2026-04-24T11:10:59Z
Nepal,Ateneo leads PH institutions in 2026 THE Asia Rankings,"For the 2026 edition of the rankings table, released on Wednesday 23 April 2026, Ateneo was ranked in the 501-600 bracket, the highest-ranked Philippine institution.","For the fourth straight year, Ateneo de Manila University leads Philippine institutions in the annual Times Higher Education (THE) Asia University Rankings.
For the 2026 edition of the rankings table, released on Wednesday 23 April 2026, Ateneo was r... [1099 chars]",https://www.ateneo.edu/news/2026/04/ateneo-leads-institutions-2026-asia-rankings,Ateneo de Manila University,https://www.ateneo.edu,2026-04-23T23:02:19Z,2026-04-24T11:10:59Z
Nepal,Fifth Congo-Rwanda Peace Oversight Meeting Announced,"The text of the following statement was released by the Governments of the United States of America, the Democratic Republic of the Congo, the","The text of the following statement was released by the Governments of the United States of America, the Democratic Republic of the Congo, the Republic of Rwanda, the State of Qatar, the Republic of Togo (as the African Union mediator), and the Afric... [1502 chars]",https://www.miragenews.com/fifth-congo-rwanda-peace-oversight-meeting-1661339/,Mirage News,https://www.miragenews.com,2026-04-23T23:11:00Z,2026-04-24T11:12:06Z
Nepal,"Crude oil futures jump on Iran air attack reports, power struggle",Crude oil futures spiked US$5 a barrel on Thursday after reports that air defenses were engaging targets over Tehran and of a power struggle between Iran's hardliners and moderates.,"HOUSTON: Crude oil futures spiked US$5 a barrel on Thursday after reports that air defenses were engaging targets over Tehran and of a power struggle between Iran's hardliners and moderates.
After spiking, the benchmarks pared gains. Brent crude futu... [3064 chars]",https://www.thestar.com.my/business/2026/04/24/crude-oil-futures-jump-on-iran-air-attack-reports-power-struggle,The Star,https://www.thestar.com.my,2026-04-23T23:17:00Z,2026-04-24T11:17:58Z
Nepal,New Xbox Leadership Vows to 'Fix the Fundamentals' in Mission Statement,"In a new mission statement of sorts emailed to Xbox staff and posted on Xbox Wire, new Xbox CEO and Xbox Chief Content Officer Matt Booty laid out new priorities and objectives for the Xbox team, including a reevaluation of exclusivity, a focus on affordability, and evolving third-party partnerships while acknowledging that ""players are frustrated.""","In a new mission statement of sorts emailed to Xbox staff and posted on Xbox Wire, new Xbox CEO and Xbox Chief Content Officer Matt Booty laid out new priorities and objectives for the Xbox team, including a reevaluation of exclusivity, a focus on af... [1868 chars]",https://www.ign.com/articles/exclusivity-affordability-third-party-partnerships-in-focus-as-new-xbox-leadership-vows-to-fix-the-fundamentals,IGN,https://www.ign.com,2026-04-23T23:16:38Z,2026-04-24T11:17:58Z
Nepal,"Global stock markets are too high and set to fall, says Bank of England deputy",It is unusual for a senior figure at the Bank to be so forthright on market movements.,"The Bank of England expects stock markets around the world to fall as share prices do not reflect the many risks facing the global economy, its deputy governor has told the BBC.
Sarah Breeden said: ""There's a lot of risk out there and yet asset price... [2294 chars]",https://www.bbc.com/news/articles/c75kp1y43lgo,BBC,https://www.bbc.com,2026-04-23T23:15:25Z,2026-04-24T11:17:58Z
Nepal,"Global stock markets are too high and set to fall, says Bank of England deputy",It is unusual for a senior figure at the Bank to be so forthright on market movements.,"The Bank of England expects stock markets around the world to fall as share prices do not reflect the many risks facing the global economy, its deputy governor has told the BBC.
Sarah Breeden said: ""There's a lot of risk out there and yet asset price... [1995 chars]",https://www.bbc.co.uk/news/articles/c75kp1y43lgo,BBC,https://www.bbc.co.uk,2026-04-23T23:15:25Z,2026-04-24T11:17:58Z
Nepal,accused Magaya back in court in May,"The rape trial of Prophetic Healing and Deliverance Ministries founder Walter Magaya resumes on May 15 before Harare magistrate Francis Mapfumo, after proceedings stalled on Thursday with both sides still to file heads of argument. The delay follows the conclusion of evidence by the investigating officer (IO), whose cross-examination unearthed key inconsistencies and controversial alterations […]","The rape trial of Prophetic Healing and Deliverance Ministries founder Walter Magaya resumes on May 15 before Harare magistrate Francis Mapfumo, after proceedings stalled on Thursday with both sides still to file heads of argument.
The delay follows ... [2776 chars]",https://www.newzimbabwe.com/rape-accused-magaya-back-in-court-in-may/,NewZimbabwe.com,https://www.newzimbabwe.com,2026-04-23T23:15:22Z,2026-04-24T11:17:58Z
Nepal,Sean McVay clarifies demeanor from Ty Simpson press conference,"Los Angeles Rams coach Sean McVay wanted to make it clear he's happy with the Ty Simpson pick and was just ""grumpy.""","After the Los Angeles Rams used the No. 13 pick in the 2026 NFL Draft to select Alabama quarterback Ty Simpson, it seemed to many that head coach Sean McVay was not a fan of the move, judging by his demeanor during the post-pick press conference.
On ... [1957 chars]",https://awfulannouncing.com/nfl/sean-mcvay-clarifies-demeanor-ty-simpson-rams-press-conference.html,Awful Announcing,https://awfulannouncing.com,2026-04-25T17:17:08Z,2026-04-26T05:19:09Z
Nepal,My Secret Auckland: Katie Richebœuf shares her favourite spots in the city,"In this Herald on Sunday series, we ask well-known Aucklanders for their favourite spots in the city. This week, gallery manager Katie Richebœuf takes us on...","Dulcie, Devonport have the best smoked cheddar scone and the Cacio Pepe hash brown is out of this world.
Best restaurant for dinner with friends?
I love Olle in Milford for its delicious Korean fusion sharing plates, the crispy eggplant is standout. ... [1431 chars]",https://www.nzherald.co.nz/entertainment/my-secret-auckland-katie-richeboeuf-shares-her-favourite-spots-in-the-city/W6FPBRDLQVBSVILISV3DWOBSIE/,NZ Herald,https://www.nzherald.co.nz,2026-04-25T17:16:48Z,2026-04-26T05:19:09Z
Nepal,"Why Has Vaibhav Sooryavanshi Left The Field - RR Wonderkid In Pain, Big Injury Scare After Record Ton vs SRH In IPL 2026",Vaibhav Sooryavanshi appeared to be in considerable pain and had to be helped off the field after suffering an injury scare during Rajasthan Royals' IPL 2026 match against Sunrisers Hyderabad,Vaibhav Sooryavanshi appeared to be in considerable pain and had to be helped off the field after suffering an injury scare during Rajasthan Royals' IPL 2026 match against Sunrisers Hyderabad on Saturday. The incident occurred during SRH's chase of 2... [2910 chars],https://sports.ndtv.com/ipl-2026/why-has-vaibhav-sooryavanshi-left-the-field-rr-wonderkid-in-pain-big-injury-scare-after-record-ton-vs-srh-in-ipl-2026-11409228,NDTV Sports,https://sports.ndtv.com,2026-04-25T17:15:53Z,2026-04-26T05:19:09Z
Nepal,SCO ministers hold consultations on regional security,Consultations on the Shanghai Cooperation Organisation’s international activities and regional security were held at the level of Deputy Foreign Ministers of SCO,"Consultations on the Shanghai Cooperation Organisation’s international activities and were held at the level of Deputy Foreign Ministers of SCO member States in Moscow, at the Ministry of Foreign Affairs of the Russian Federation.
The consultations f... [1308 chars]",https://www.nation.com.pk/25-Apr-2026/sco-ministers-hold-consultations-regional-security,The Nation (Pakistan ),https://www.nation.com.pk,2026-04-25T17:13:46Z,2026-04-26T05:19:09Z
Nepal,Gaza Holds Historic Elections Amid Challenges,"Middle East News: Palestinians turn out for Gaza's first municipal elections in over 20 years, despite lacking essential materials. Local elections aim to unify Gaza and the West Bank, with low turnout reflecting political disillusionment. President Abbas emphasizes the importance of the vote for Palestinian statehood.","No ballot papers, no ink, no boxes: Inside Gaza's first election in two decades
Palestinians lined up outside polls in tents and donated buildings on Saturday to vote in the first elections held in part of Gaza in more than two decades, while voting ... [4134 chars]",https://timesofindia.indiatimes.com/world/middle-east/no-ballot-papers-no-ink-no-boxes-inside-gazas-first-election-in-two-decades/articleshow/130519465.cms,The Times of India,https://timesofindia.indiatimes.com,2026-04-25T17:13:00Z,2026-04-26T05:19:09Z
Nepal,Molecular map reveals how Down syndrome alters brain development,Scientists at UCLA have created one of the first cellular-resolution molecular maps detailing how Down syndrome alters human brain development before birth - a resource that resolves longstanding contradictions in the field and could lay the groundwork for future therapeutic strategies.,Scientists at UCLA have created one of the first cellular-resolution molecular maps detailing how Down syndrome alters human brain development before birth - a resource that resolves longstanding contradictions in the field and could lay the groundwo... [7745 chars],https://www.news-medical.net/news/20260425/Molecular-map-reveals-how-Down-syndrome-alters-brain-development.aspx,News-Medical,https://www.news-medical.net,2026-04-25T17:11:00Z,2026-04-26T05:19:09Z
Nepal,US peace talks 2.0! How Pakistan's bid to mediate a breakthrough fell short,"Middle East News: In a high-stakes diplomatic push, Pakistan Prime Minister Shehbaz Sharif held talks with Iranian foreign minister Abbas Araghchi in Islamabad on Satur.","Shehbaz Sharif with Abbas Araghchi (AP image)
In a high-stakes diplomatic push, Pakistan Prime Minister Shehbaz Sharif held talks with Iranian foreign minister Abbas Araghchi in Islamabad on Saturday. Araghchi arrived in Islamabad carrying Tehran’s f... [4425 chars]",https://timesofindia.indiatimes.com/world/middle-east/no-iran-us-peace-talks-2-0-how-pakistans-bid-to-mediate-a-breakthrough-fell-short/articleshow/130519343.cms,The Times of India,https://timesofindia.indiatimes.com,2026-04-25T17:09:00Z,2026-04-26T05:19:09Z
Nepal,Watch as special Asantehene gold clock artwork is auctioned for GH¢1.5 million,"The 27th anniversary celebration of the reign of the Asantehene Otumfuo Osei Tutu II was marked by a display of rich culture and luxury, with the unveiling of a symbolic gold clock artwork as the highlight.","The 27th anniversary celebration of the reign of the Asantehene Otumfuo Osei Tutu II was marked by a display of rich culture and luxury, with the unveiling of a symbolic gold clock artwork as the highlight.
The event was held at the Jubilee Hall of t... [1031 chars]",https://www.ghanaweb.com/GhanaHomePage/NewsArchive/Watch-as-special-Asantehene-gold-clock-artwork-is-auctioned-for-GH-1-5-million-2031591,GhanaWeb,https://www.ghanaweb.com,2026-04-25T17:08:10Z,2026-04-26T05:19:09Z
Nepal,"7 killed, 22 injured in RSF drone attack on Sudan’s Kordofan: Medics","Seven people were killed and 22 others injured in a drone attack carried out by the paramilitary Rapid Support Forces (RSF) on the city of El Obeid in North Kordofan, the Sudan Doctors Network said…","Seven people were killed and 22 others injured in a drone attack carried out by the paramilitary Rapid Support Forces (RSF) on the city of El Obeid in North Kordofan, the Sudan Doctors Network said Saturday, Anadolu reports.
In a statement, the netwo... [1379 chars]",https://www.middleeastmonitor.com/20260425-7-killed-22-injured-in-rsf-drone-attack-on-sudans-kordofan-medics/,Middle East Monitor,https://www.middleeastmonitor.com,2026-04-25T17:08:00Z,2026-04-26T05:19:09Z
Nepal,Carlow slay Westmeath to keep up 100% Joe McDonagh start,"Despite shooting 18 wides, Carlow still maintained their 100% record in this year's Joe McDonagh Cup with a fully deserved six-point win against Westmeath in idyllic weather conditions in Mullingar.","Despite shooting 18 wides, Carlow still maintained their 100% record in this year's Joe McDonagh Cup with a fully deserved six-point win against Westmeath in idyllic weather conditions in Mullingar.
The Barrowsiders got off to a great start when Cono... [3058 chars]",https://www.rte.ie/sport/hurling/2026/0425/1570134-carlow-slay-westmeath-to-keep-up-100-joe-mcdonagh-start/,RTE.ie,https://www.rte.ie,2026-04-25T17:07:38Z,2026-04-26T05:19:09Z
India,"'Too much time wasted': Trump scraps US envoys' visit to Pakistan, says Iran can 'call' for talks","US News: US President Donald Trump on Saturday cancelled a planned trip to Pakistan by his envoys, who were supposed to meet Iranian leaders in Islamabad and h.","US President Donald Trump (File photo)
US President Donald Trump on Saturday cancelled a planned trip to Pakistan by his envoys, who were supposed to meet Iranian leaders in Islamabad and hold peace talks with Tehran. He also criticised Iran’s leader... [1784 chars]",https://timesofindia.indiatimes.com/world/us/too-much-time-wasted-trump-scraps-us-envoys-visit-to-pakistan-says-iran-can-call-for-talks/articleshow/130519418.cms,The Times of India,https://timesofindia.indiatimes.com,2026-04-25T17:07:00Z,2026-04-26T05:19:10Z
India,Iran FM says 'yet to see if the US is truly serious about diplomacy',"Iranian FM Seyed Abbas Araghchi calls Pakistan visit “very fruitful,” shares framework to resolve US-Israel conflict, while questioning US commitment to diplomacy.","Iranian Foreign Minister Seyed Abbas Araghchi said that his recent trip to Pakistan was “very fruitful” considering Islamabad’s role in resolving regional conflicts.
In the high-level talks, Iran presented its proposal regarding how the current war b... [2369 chars]",https://www.moneycontrol.com/world/iran-fm-says-yet-to-see-if-the-us-is-truly-serious-about-diplomacy-article-13899487.html,Moneycontrol.com,https://www.moneycontrol.com,2026-04-25T17:00:26Z,2026-04-26T05:19:10Z
India,"Avinash Tiwary & Medha Shankr's Film Shows Over 100% Jump, But Is It Enough?",Ginny Wedss Sunny 2 showcases jump on Saturday amid Dhurandhar 2 and Bhooth Bangla competition. Read day 2 box office early trends!,"Avinash Tiwary and Medha Shankr unfortunately could not create noise at the ticket windows with their romantic comedy, Ginny Wedss Sunny 2. Despite the sequel benefit, it is struggling to drive footfalls. There was a slight jump on Saturday amid comp... [1978 chars]",https://www.koimoi.com/box-office/ginny-weds-sunny-2-box-office-day-2-early-trends-avinash-tiwary-medha-shankrs-film-shows-over-100-jump-but-is-it-enough/,Koimoi,https://www.koimoi.com,2026-04-25T16:53:18Z,2026-04-26T05:19:10Z
India,MGMGH marks World Malaria Day with awareness rally in Trichy,"Trichy: Marking World Malaria Day, Mahatma Gandhi Memorial Government Hospital (MGMGH) on Saturday organised an awareness rally and a programme to edu.","Trichy: Marking World Malaria Day, Mahatma Gandhi Memorial Government Hospital (MGMGH) on Saturday organised an awareness rally and a programme to educate the public and medical community on prevention and eradication of the disease. The rally, held ... [848 chars]",https://timesofindia.indiatimes.com/city/trichy/mgmgh-marks-world-malaria-day-with-awareness-rally-in-trichy/articleshow/130519240.cms,The Times of India,https://timesofindia.indiatimes.com,2026-04-25T16:53:00Z,2026-04-26T05:19:10Z
India,Kerala Election Results 2026: Will LDF Ministers Retain Their Seats?,"As the 2026 Kerala election results approach, 20 out of 21 LDF ministers face the verdict. Get the latest analysis and updates here","To advertise here,
തിരഞ്ഞെടുപ്പ് ഫലമറിയാൻ ഇനി ദിവസങ്ങൾ മാത്രം. 2021-ലെ ചരിത്രവിജയത്തിന് ശേഷം അധികാരമേറ്റ എൽ.ഡി.എഫ് മന്ത്രിമാരിൽ 21ൽ 20 പേരും ജനവിധി തേടുമ്പോൾ ഫലമെന്താകും, പരിശോധിക്കാം
Content Highlights: Analysis of the 2026 election outcome for LDF ... [508 chars]",https://www.mathrubhumi.com/videos/newsplus/kerala-election-2026-ldf-ministers-winning-chance-analysis-y0sp4sib,Mathrubhumi,https://www.mathrubhumi.com,2026-04-25T16:52:06Z,2026-04-26T05:19:10Z
India,Dhurandhar 2 Box Office Day 38 (Early Trends): Shows Over 87% Jump & Enters Top 5 Sixth Saturdays Of Hindi Cinema!,Ranveer Singh and Aditya Dhar's Dhurandhar is a force to reckon with in its sixth weekend. Check out day 38 early estimates!,"Aditya Dhar’s 2026 release, Dhurandhar 2, is truly invincible at the box office. It has been maintaining a rock-steady hold despite competition from Bhooth Bangla and Ginny Wedss Sunny 2. The spy action thriller has showcased a big jump on its sixth ... [1640 chars]",https://www.koimoi.com/box-office/dhurandhar-2-box-office-day-38-early-trends-shows-over-87-jump-enters-top-5-sixth-saturdays-of-hindi-cinema/,Koimoi,https://www.koimoi.com,2026-04-25T16:40:55Z,2026-04-26T05:19:10Z
India,Trump's ‘unauthorised’ war on Iran to hit 60-day limit soon. What happens next?,"While a fragile ceasefire remains in place, the threats between the US and Iran continue and the future of talks in mediator state Pakistan remains unclear. | World News","It will soon be 60 days since a surprise US-Israeli attack on Iran triggered a full-blown war between the countries, the ripples of which were felt across the Middle East. While a fragile ceasefire remains in place, the threats between the US and Ira... [3489 chars]",https://www.hindustantimes.com/world-news/trumps-unauthorised-war-on-iran-to-hit-60-day-limit-soon-what-happens-next-101777131265123.html,Hindustan Times,https://www.hindustantimes.com,2026-04-25T16:29:30Z,2026-04-26T05:19:10Z
USA,"'The Pitt' Has No Romance, But Fans Are Imagining Relationships","Despite HBO medical drama ""The Pitt"" having little romance, passionate fans have been ""shipping"" or creating their own couples online.","R.I.P. Mohabbot.
Early this month, Variety broke the news that Supriya Ganesh, who plays Dr. Samira Mohan on HBO’s medical drama “The Pitt,” was departing the show after the second season. Per executives, Ganesh was written off for storyline purposes... [10361 chars]",https://variety.com/2026/tv/features/the-pitt-online-fans-shipping-no-romance-on-screen-1236728499/,Variety,https://variety.com,2026-04-25T16:45:00Z,2026-04-26T05:19:11Z
USA,The Poverty of the DOJ Indictment of the Southern Poverty Law Center,"Former head of the DOJ Fraud Section, Weissmann discusses conspicuous gaps in the indictment of the Southern Poverty Law Center.","Bringing an indictment against a person or organization should be serious business. At the federal level, it is supposed to involve preparing a detailed prosecution memorandum, setting out the facts and law, addressing weaknesses in the case and defe... [14593 chars]",https://www.justsecurity.org/137171/indictment-southern-poverty-law-center-splc/,Just Security,https://www.justsecurity.org,2026-04-25T16:36:58Z,2026-04-26T05:19:11Z
USA,USF students missing: Roommate faces murder charges after remains found,Authorities have filed murder charges against the roommate of a Bangladeshi doctoral student who disappeared with his girlfriend from the University of South Florida.,"A former University of South Florida student has been charged with killing his roommate and the roommate’s girlfriend — two doctoral students from Bangladesh who disappeared earlier this month, authorities said Saturday.
Hisham Abugharbieh, 26, is fa... [3562 chars]",https://apnews.com/article/missing-graduate-students-florida-bangladesh-983f85642596c8ef9db9bfd76dd79669,AP News,https://apnews.com,2026-04-25T16:35:00Z,2026-04-26T05:19:11Z
USA,"Raiders trade up, select CB Jermod McCoy to start fourth round",Knee injury sparks slide from round one.,"The wait is over for Jermod McCoy.
The Raiders swapped picks with the Bills, trading up to No. 101 to select McCoy with the first pick of the fourth round.
McCoy missed the entire 2025 season after suffering a torn ACL in his right knee in January of... [404 chars]",https://www.nbcsports.com/nfl/profootballtalk/rumor-mill/news/raiders-trade-up-select-cb-jermod-mccoy-to-start-fourth-round,NBC Sports,https://www.nbcsports.com,2026-04-25T16:18:06Z,2026-04-26T05:19:11Z
USA,2026 NFL Draft: Pick-by-pick analysis for Rounds 4-5,"Eric Edholm breaks down Day 3 of the 2026 NFL Draft, providing pick-by-pick analysis for every selection in Rounds 4 and 5. Follow along as we update live!","Day 3 of the 2026 NFL Draft is underway. Eric Edholm provides analysis for every player selected in Rounds 4 and 5 below.
NOTE: Only trades agreed to after Day 1 began are reflected below.
ROUND 4
Pick
101
(from TEN through BUF)
TRADE
Tennessee · CB
... [8664 chars]",https://www.nfl.com/news/2026-nfl-draft-pick-by-pick-analysis-for-rounds-4-5,NFL.com,https://www.nfl.com,2026-04-25T16:09:00Z,2026-04-26T05:19:11Z
USA,'Michael' Starts Strong With $39.5 Million,Lionsgate's 'Michael' is expected to easily break the record for best opening weekend for a music biopic.,"“Michael” told the rest of the domestic box office to “Beat It,” as Lionsgate’s biopic about the King of Pop easily secured the top spot on the Friday charts.
Antoine Fuqua’s “Michael” earned $39.5 million on opening day from 3,955 North American the... [2225 chars]",https://variety.com/2026/film/news/box-office-michael-movie-lionsgate-super-mario-galaxy-1236730410/,Variety,https://variety.com,2026-04-25T16:07:00Z,2026-04-26T05:19:11Z
USA,The inescapable unease of the Michael Jackson biopic,"Antoine Fuqua's ""Michael"" movie is fittingly odd, but not for the reasons you might expect","If Michael Jackson’s estate hoped the late King of Pop’s long-gestating biopic would restore the singer’s shattered reputation and solidify his legacy once and for all, they probably shouldn’t have approved a movie so damn weird. It’s not because dir... [12540 chars]",https://www.salon.com/2026/04/25/michael-review-michael-jackson-biopic-is-distinctly-uneasy/,Salon.com,https://www.salon.com,2026-04-25T16:00:27Z,2026-04-26T05:19:11Z
USA,'Love on the Spectrum' Stars Tina Zhu Xi Caruso and Pari Kim Split,"Another ""Love on the Spectrum"" couple has called it quits -- Pari Kim announced Friday she and Tina Zhu Xi Caruso are no longer together.","Another ""Love on the Spectrum"" couple has called it quits -- Pari Kim announced Friday she and Tina Zhu Xi Caruso are no longer together.
Pari revealed the sad news on her Instagram Story ... but noted they're still friends. She explained ... ""Two tr... [999 chars]",https://www.tmz.com/2026/04/25/tina-zhu-xi-caruso-and-pari-kim-break-up/,TMZ,https://www.tmz.com,2026-04-25T16:00:10Z,2026-04-26T05:19:11Z
USA,"At White House Correspondents Dinner, Trump Will Dine With Reporters He’s Been Roasting",President Trump has boycotted the White House Correspondents’ Association dinner in previous years.,"When President Trump makes his speech at the White House Correspondents’ Association dinner Saturday night, he will be addressing a roomful of people he spent the week attacking. Of all the moments for him to be socializing with the journalists who c... [2098 chars]",https://www.nytimes.com/2026/04/25/us/politics/trump-white-house-correspondents-dinner.html,The New York Times,https://www.nytimes.com,2026-04-25T16:00:02Z,2026-04-26T05:19:11Z
UK,Trump cancels his envoys’ Pakistan trip for Iran ceasefire negotiations,Steve Witkoff and Jared Kushner were to travel to Islamabad to attempt to revive ceasefire negotiations,"Donald Trump said he has told US envoys not to go to Pakistan for more talks with Iran, shortly after Tehran’s top diplomat left Islamabad late on Saturday.
Trump added to Fox News: “They can call us anytime they want.” The White House on Friday said... [3791 chars]",https://www.theguardian.com/world/2026/apr/25/trump-cancels-envoys-pakistan-trip-iran-talks,The Guardian,https://www.theguardian.com,2026-04-25T17:02:00Z,2026-04-26T05:19:12Z
UK,Key figure in Mandelson vetting row will not give evidence in front of MPs,The Foreign Affairs Committee says Ian Collard will only be giving evidence in writing.,"A key figure in the row over Lord Mandelson's vetting will not appear before a parliamentary committee of MPs to give evidence.
The Foreign Affairs Committee had asked the Foreign Office if Ian Collard, a civil servant who ran the security team withi... [1399 chars]",https://www.bbc.co.uk/news/articles/cvg32z7jv7yo,BBC,https://www.bbc.co.uk,2026-04-25T16:43:38Z,2026-04-26T05:19:12Z
UK,I'm A Celebrity final behind the scenes secrets,"I'm A Celebrity aired one of the most shocking finals in history, as the All Stars cast came together once more for a rather explosive final","I'm A Celebrity final behind the scenes secrets - family support and 'disgusting' behaviour
I'm A Celebrity aired one of the most shocking finals in history, as the All Stars cast came together once more for a rather explosive final
I'm A Celebrity a... [2742 chars]",https://www.mirror.co.uk/tv/tv-news/im-a-celebrity-final-show-37069168,The Mirror,https://www.mirror.co.uk,2026-04-25T16:37:00Z,2026-04-26T05:19:12Z
UK,Teenager charged in London with woman’s murder after UAE extradition,Enzo Bettamio alleged to have stabbed Kamonnan Thiamphanit in April 2024 at a property in Bayswater,"A teenager has been charged with murder over the death of a 27-year-old woman after his extradition from the United Arab Emirates to the UK.
The charge relates to the stabbing of Kamonnan Thiamphanit, which took place at a property in Bayswater, west... [1297 chars]",https://www.theguardian.com/uk-news/2026/apr/25/teenager-charged-in-london-with-womans-after-uae-extradition,The Guardian,https://www.theguardian.com,2026-04-25T16:25:00Z,2026-04-26T05:19:12Z
UK,Influencer dies after being hit by car outside Soho nightclub,"Klaudia Zakrzewska, 32, from Essex, dies in hospital after a collision on Argyll Street in Soho.","A social media influencer has died six days after a car hit her and other pedestrians outside a nightclub in central London.
Klaudia Zakrzewska, from Essex, was involved in a collision on Argyll Street in Soho at 04:30 BST on 19 April. She was taken ... [1331 chars]",https://www.bbc.com/news/articles/cx29w1z1lkzo,BBC,https://www.bbc.com,2026-04-25T16:22:59Z,2026-04-26T05:19:12Z
UK,Manchester City 2-1 Southampton: FA Cup semi-final - live,Minute-by-minute report: Pep Guardiola’s side visit Wembley with hopes of a domestic treble still alive. Join Scott Murray for updates,"Key events
Show key events only
Please turn on JavaScript to use this feature
Pep Guardiola immediately goes up to his opposite number Tonda Eckert. An embrace as he whispers in Eckert’s ear. A bit like the end of Lost In Translation, we’ll never kno... [13271 chars]",https://www.theguardian.com/football/live/2026/apr/25/manchester-city-v-southampton-fa-cup-semi-final-live,The Guardian,https://www.theguardian.com,2026-04-25T16:15:00Z,2026-04-26T05:19:12Z
UK,Wolves v Tottenham LIVE: Score and updates as Joao Palhinha grabs priceless goal for Spurs in crunch clash,Tottenham start the weekend still in the relegation zone after seeing victory snatched at the death against Brighton last time out,"Swipe for next article
Liveupdated
Wolves v Tottenham LIVE: Palhinha scores priceless late goal for Spurs in crunch survival clash
Tottenham start the weekend still in the relegation zone after seeing victory snatched at the death against Brighton la... [2933 chars]",https://www.independent.co.uk/sport/football/wolves-tottenham-live-score-result-premier-league-b2963475.html,The Independent,https://www.independent.co.uk,2026-04-25T16:01:00Z,2026-04-26T05:19:12Z
UK,She’s searched for her missing parents for 25 years - a DNA test changed everything,"I was stopped short by this episode of Life Changing with Dr Sian Williams on Radio 4 — it’s raw, gripping and moving","Foundling, orphan, abandoned infant… These are terms with such emotive resonance. They evoke foundational myths: Moses, Oedipus, Romulus and Remus. Also cherished literary characters: Oliver Twist, Tom Jones, Mowgli and Eppie, the golden-haired girl ... [3008 chars]",https://www.thetimes.com/magazines/culture-magazine/article/life-changing-with-dr-sian-williams-review-cvbgkcphq,The Times,https://www.thetimes.com,2026-04-25T16:00:00Z,2026-04-26T05:19:12Z
UK,Woman dies after being hit by car outside Soho nightclub,"Klaudia Zakrzewska, 32, from Essex, dies in hospital after a collision on Argyll Street in Soho.","A woman has died after being hit by a car outside a nightclub in central London.
Klaudia Zakrzewska, 32, from Essex, was involved in a collision on Argyll Street in Soho at 04:30 BST on 19 April. She was taken to hospital but died on Saturday.
Det Ch... [416 chars]",https://www.bbc.co.uk/news/articles/cx29w1z1lkzo,BBC,https://www.bbc.co.uk,2026-04-25T15:40:56Z,2026-04-26T05:19:12Z
UK,Surgeon names 5 things to avoid to live longer - alcohol not on the list,"Dr Jeremy London names five things to slow down ageing and, surprisingly, avoiding alcohol is not one of them.","Dr Jeremy London names five things to slow down ageing and, surprisingly, avoiding alcohol is not one of them.
A heart surgeon has named five things you should avoid if you want to slow down the ageing process and potentially live longer in the proce... [1908 chars]",https://www.mirror.co.uk/news/health/heart-surgeon-names-5-things-37068615,The Mirror,https://www.mirror.co.uk,2026-04-25T15:39:00Z,2026-04-26T05:19:12Z
Australia,Assassin’s Creed Black Flag Resynced Demands RTX 4090 For 4K 60FPS With DLSS Quality Mode,Ubisoft has announced Assassin’s Creed Black Flag Resynced which Demands RTX 4090 for 4K 60FPS with DLSS quality mode.,"Expert Verified By
Not Bad For A Modern Age Remake!
Add Tech4Gamers on Google
Story Highlight
PC specifications for AC Black Flag Resynced range from mid-tier older hardware for basic play to high-end setups like the RTX 4090 for 4K settings.
Console... [5894 chars]",https://tech4gamers.com/assassins-creed-black-flag-resynced-rtx-4090-for-4k-60fps/,Tech4Gamers,https://tech4gamers.com,2026-04-25T17:06:45Z,2026-04-26T05:19:14Z
Australia,Scientists Find Africa Nearer to Splitting Than Expected,Eastern Africa's Turkana Rift is known both for its rich record of early human fossils and for intense volcanic activity driven by shifting tectonic,"Eastern Africa's Turkana Rift is known both for its rich record of early human fossils and for intense volcanic activity driven by shifting tectonic plates. Now, scientists report that the crust beneath this region has thinned far more than previousl... [5495 chars]",https://www.miragenews.com/scientists-find-africa-nearer-to-splitting-than-1662192/,Mirage News,https://www.miragenews.com,2026-04-25T16:30:00Z,2026-04-26T05:19:14Z
Australia,Scientists Discover Plant Cell Growth Regulator,"Plants spend most of their lives using photosynthesis to make energy. However, in the earliest phase after a seed begins to grow, they cannot yet","Plants spend most of their lives using photosynthesis to make energy. However, in the earliest phase after a seed begins to grow, they cannot yet capture light. During this short but critical window, they depend on stored fatty acids instead. To brea... [3980 chars]",https://www.miragenews.com/scientists-discover-plant-cell-growth-regulator-1662196/,Mirage News,https://www.miragenews.com,2026-04-25T16:30:00Z,2026-04-26T05:19:14Z
Australia,Fibroblast subtype found to be essential for coordinating immune cells within lymph nodes,The research group of Prof. Sanjiv Luther at the Department of Immunobiology of the University of Lausanne has discovered that a fibroblast subtype is essential for coordinating certain immune cells within lymph nodes.,The research group of Prof. Sanjiv Luther at the Department of Immunobiology of the University of Lausanne has discovered that a fibroblast subtype is essential for coordinating certain immune cells within lymph nodes. This represents another step fo... [4655 chars],https://www.news-medical.net/news/20260425/Fibroblast-subtype-found-to-be-essential-for-coordinating-immune-cells-within-lymph-nodes.aspx,News-Medical,https://www.news-medical.net,2026-04-25T16:00:00Z,2026-04-26T05:19:14Z
Australia,Voss explains Ollie Holland decision as Blues show fight after tough week,Michael Voss was proud of how his team responded after a difficult period on and off the field,"CARLTON coach Michael Voss says young midfielder Ollie Hollands is expected to return against St Kilda next week after the club opted to withdraw him from Saturday night's clash against Fremantle following a difficult week.
Hollands' brother and team... [4629 chars]",https://www.afl.com.au/news/1504250/ollie-hollands-set-to-return-as-carlton-blues-show-fight-after-tough-week,afl.com.au,https://www.afl.com.au,2026-04-25T15:50:00Z,2026-04-26T05:19:14Z
Australia,Classy Dockers turn on jets late to ease past Blues,Fremantle has maintained its place in the top two on the ladder after sinking Carlton,"FREMANTLE star Shai Bolton produced a game-breaking final quarter on Saturday night to keep a spirited Carlton at arm's length and ensure the Dockers won their sixth straight game by 14 points at Optus Stadium.
With Freo challenged by the Blues throu... [6137 chars]",https://www.afl.com.au/news/1504249/classy-fremantle-dockers-turn-on-jets-late-to-ease-past-carlton-blues,afl.com.au,https://www.afl.com.au,2026-04-25T15:30:17Z,2026-04-26T05:19:14Z
Australia,"Scott unclear on big Cat's injury, Carr forgives inaccuracy in win","Despite suggesting Mark Blicavs was close to returning to play, Geelong will wait anxiously on diagnosis","GEELONG'S shock loss to Port Adelaide on Saturday was made worse by a knee injury to Mark Blicavs, but coach Chris Scott is hopeful his versatile utility won't be sidelined for long.
Blicavs went down in the first quarter after Zak Butters collided w... [3254 chars]",https://www.afl.com.au/news/1504248/chris-scott-unclear-on-big-geelong-cats-injury-josh-carr-forgives-inaccuracy-in-port-adelaide-power-win,afl.com.au,https://www.afl.com.au,2026-04-25T14:20:00Z,2026-04-26T05:19:14Z
Australia,Pies veteran in doubt for next week after Anzac Day masterclass,"Despite having one of the best games of his career against Essendon, Scott Pendlebury is likely to take a breather","COLLINGWOOD coach Craig McRae has hailed Scott Pendlebury a ""legend of the game"", but has declared his brilliant veteran is unlikely to play next week following his extraordinary Anzac Day heroics.
Pendlebury claimed a record fourth Anzac Medal at th... [4724 chars]",https://www.afl.com.au/news/1504214/coaches-essendon-bombers-v-collingwood-magpies,afl.com.au,https://www.afl.com.au,2026-04-25T14:00:04Z,2026-04-26T05:19:14Z
Australia,"Mel Schilling death: Family reveal funeral details, where she's been laid to rest and next chapter",M﻿el Schilling's husband Gareth Brisbane has updated fans on how he and their daughter Maddie are getting o...,"M el Schilling's husband Gareth Brisbane has updated fans on how he and their daughter Maddie are getting on, a month after the popular Aussie TV personality's death.
The Married at First Sight (MAFS) psychologist died in London on March 24 following... [2268 chars]",https://celebrity.nine.com.au/latest/mel-schilling-death-family-reveal-details-about-funeral-laid-to-rest-next-chapter/00302ada-0bb7-48e0-96c1-93b7690b2b34,Celebrity – Nine,https://celebrity.nine.com.au,2026-04-25T13:32:38Z,2026-04-26T05:19:14Z
Australia,Black Ferns trounce winless Wallaroos for 30th consecutive victory over rivals,"New Zealand stormed to a 30th consecutive victory over Australia, scoring six tries in their 40-5 win in the Pacific Four","New Zealand consigned the Wallaroos to a third Pacific Four wooden spoon with their 30th consecutive victory over Australia’s women. The Black Ferns preserved their 32-year undefeated record with a 40-5 win in Queensland on Saturday night.
Siokapesi ... [1728 chars]",https://www.theguardian.com/sport/2026/apr/25/walleroos-black-ferns-pacific-four-match-report,The Guardian,https://www.theguardian.com,2026-04-25T13:05:00Z,2026-04-26T05:19:14Z
Nepal,"Chicago police officer killed, another critically injured in shooting at Swedish Hospital: LIVE",A Chicago police officer was killed and another was critically injured in a shooting at Ravenswood Swedish Hospital at 5140 North California Avenue.,"CHICAGO (WLS) -- A suspect is in custody after two Chicago police officers were shot, one fatally, at a North Side hospital on Saturday morning, officials confirmed.
The shooting happened at Endeavor Health Swedish Hospital, located at 5140 North Cal... [1679 chars]",https://abc7chicago.com/post/swedish-hospital-shooting-today-2-cops-hurt-roseland-chicago-5140-north-california-avenue-officials-say/18965847/,ABC7 Chicago,https://abc7chicago.com,2026-04-25T17:23:06Z,2026-04-26T05:23:06Z
Nepal,Texas camp where 25 girls died in 2025 flood may not be allowed to reopen,Camp Mystic must make changes to its emergency notification processes to receive its operating license,"The Texas Christian summer camp where 27 girls and counselors died in a catastrophic flood in July 2025 may not be allowed to open again this upcoming summer after state officials found it has not met health and safety requirements.
Camp Mystic must ... [2562 chars]",https://www.theguardian.com/us-news/2026/apr/25/camp-mystic-texas-reopening,The Guardian,https://www.theguardian.com,2026-04-25T17:23:00Z,2026-04-26T05:23:06Z
Nepal,Arne Slot on Mohamed Salah injury,Arne Slot offered an update on the injury that forced Mohamed Salah from the field during the second half of Liverpool's 3-1 win over Crystal Palace on Saturday,"The forward was replaced after 59 minutes at Anfield having picked up an issue.
With Salah due to leave Liverpool this summer, Slot was asked in his post-match press conference if the problem could rule him out of the remaining four fixtures of 2025-... [638 chars]",https://www.liverpoolfc.com/news/arne-slot-mohamed-salah-injury,Liverpool FC,https://www.liverpoolfc.com,2026-04-25T17:22:41Z,2026-04-26T05:23:06Z
Nepal,Gaza holds first elections in 20 years amid stalled ceasefire,Gaza held its first elections in more than 20 years on Saturday – but only in one city for a small fraction of the shattered territory’s population.,"Gaza held its first elections in more than 20 years on Saturday – but only in one city for a small fraction of the shattered territory’s population – amid a stalled process to advance the US-brokered ceasefire between Israel and Hamas.
The elections ... [5960 chars]",https://www.cnn.com/2026/04/25/middleeast/gaza-palestinian-elections-deir-al-balah-intl,CNN,https://www.cnn.com,2026-04-25T17:20:14Z,2026-04-26T05:23:06Z
Nepal,Arne Slot unsure if Mohamed Salah has played last Liverpool game,Arne Slot has said Liverpool must wait to discover whether Mohamed Salah has played his last game for the club after he was forced off with an injury in Saturday's 3-1 victory over Crystal Palace.,"LIVERPOOL, England -- Arne Slot has said Liverpool must wait to discover whether Mohamed Salah has played his last game for the club after he was forced off with an injury in Saturday's 3-1 victory over Crystal Palace.
The Egypt international looked ... [2152 chars]",https://www.espn.com/soccer/story/_/id/48591369/arne-slot-know-mohamed-salah-final-game-liverpool,ESPN,https://www.espn.com,2026-04-25T17:32:00Z,2026-04-26T05:32:39Z
Nepal,Is Israel turning a new p,"Israel’s new law offers major tax breaks for olim and returning residents, including exemptions of up to NIS 1 million a year, but new reporting rules and tax risks require careful planning","Recently, amid complex economic headlines, the Knesset approved the Economic Efficiency Law for the 2026 budget year. Hidden among its many clauses and amendments is a dramatic development that could reshape aliyah and Israelis’ return home: Chapter ... [5701 chars]",https://www.ynetnews.com/business/article/syru3w5611e,ynetnews,https://www.ynetnews.com,2026-04-25T17:30:49Z,2026-04-26T05:32:39Z
Nepal,The heart's constant beating suppresses tumor growth in cardiac tissues,"The heart's constant beating may actively suppress tumor growth in cardiac tissues, a new study reports. This is because cellular pathways in these tissues alter gene regulation in cancer cells to keep them from proliferating.","The heart's constant beating may actively suppress tumor growth in cardiac tissues, a new study reports. This is because cellular pathways in these tissues alter gene regulation in cancer cells to keep them from proliferating. The findings shed light... [2431 chars]",https://www.news-medical.net/news/20260425/The-hearts-constant-beating-suppresses-tumor-growth-in-cardiac-tissues.aspx,News-Medical,https://www.news-medical.net,2026-04-25T17:30:00Z,2026-04-26T05:32:39Z
Nepal,Roberto De Zerbi reaction - What did Tottenham Hotspur manager say after big win at Wolves?,Roberto De Zerbi led Spurs to their first league win of 2026 but they are still in the relegation zone with four games to go.,"Roberto De Zerbi couldn’t hide his reaction at full time as Tottenham Hotspur scored late on at bottom club Wolves to grab their first league win of 2026 and boost their hopes of staying in the Premier League.
The relief, passion and joy on his face ... [2680 chars]",https://www.nbcsports.com/soccer/news/roberto-de-zerbi-reaction-what-did-tottenham-hotspur-manager-say-after-big-win-at-wolves,NBC Sports,https://www.nbcsports.com,2026-04-25T17:27:57Z,2026-04-26T05:32:39Z
Nepal,"Flick talks Pedri, Roony, Rashford, La Liga title after Getafe 0-2 Barcelona","FC Barcelona moved to within touching distance of lifting the La Liga title after beating Getafe 2-0 away at Coliseum Alfonso Perez. At a venue where they had not won since 2019, the Blaugrana were in control for most of the proceedings despite having important absentees like Lamine Yamal, Eric Garcia, and Raphinha. Goals from […]","FC Barcelona moved to within touching distance of lifting the La Liga title after beating Getafe 2-0 away at Coliseum Alfonso Perez.
At a venue where they had not won since 2019, the Blaugrana were in control for most of the proceedings despite havin... [2342 chars]",https://barcauniversal.com/flick-talks-pedri-roony-rashford-la-liga-title-after-getafe-0-2-barcelona/,Barca Universal,https://barcauniversal.com,2026-04-25T17:26:43Z,2026-04-26T05:32:39Z
Nepal,Mohamed Salah limps off injured in Liverpool’s win against Crystal Palace,Mohamed Salah may have played his last Liverpool game in a 3-1 win against Crystal Palace marked by goals for Alexander Isak and Florian Wirtz,"The sun shone, Alexander Isak and Florian Wirtz made an impression on a Liverpool victory, Freddie Woodman seized his moment as third-choice goalkeeper and Arne Slot’s team went fourth by lifting the curse of Crystal Palace. This season being what it... [4783 chars]",https://www.theguardian.com/football/2026/apr/25/liverpool-crystal-palace-premier-league-match-report,The Guardian,https://www.theguardian.com,2026-04-25T17:26:00Z,2026-04-26T05:32:39Z
Nepal,"Arsenal FC vs Newcastle LIVE: Premier League result, latest updates and fan reaction",Gunners out to end run of four domestic losses in a row to reignite title bid,Arsenal got their Premier League title push back on track with a 1-0 win over Newcastle in north London. Eberechi Eze’s brilliant strike from distance after nine minutes proved enough for a result that moved the Gunners three points clear of Manchest... [815 chars],https://www.standard.co.uk/sport/football/arsenal-fc-vs-newcastle-live-stream-latest-score-goal-updates-result-b1279991.html,London Evening Standard,https://www.standard.co.uk,2026-04-25T17:25:46Z,2026-04-26T05:32:39Z
Nepal,"Morocco Secures $510,000 AfDB Grant to Expand Insurance Access","AfDB approved a $510,000 grant to Morocco’s ACAPS to support financial inclusion and innovative technologies in insurance sector.","Agadir – The African Development Bank Group (AfDB) has approved a $510,000 grant to Morocco’s Insurance and Social Welfare Supervisory Authority (ACAPS) to support financial inclusion and accelerate the adoption of innovative technologies in the coun... [2268 chars]",https://www.moroccoworldnews.com/2026/04/288714/morocco-secures-510000-afdb-grant-to-expand-insurance-access/,Morocco World News,https://www.moroccoworldnews.com,2026-04-25T17:24:31Z,2026-04-26T05:32:39Z
Nepal,Ethiopian Nat'l Dialogue Commission Finalizing Preparations to Wrap-Up Dialogue Process,"Addis Ababa, April 25, 2026 (ENA) —Final preparations are underway for the holding of the National Dialogue Conference, the culmination of the Ethiopian dialogue process, as the agenda-gathering process has been completed, Professor Mesfin Araya, Chief Commissioner of the Ethiopian National Dialogue Commission told ENA.
The Ethiopian National Dialogue Commission has opened a new chapter aimed at resolving the differences that have been brewing in Ethiopia for centuries through dialogue and consultations in order to create a generation that believes in the supremacy of ideas.
So far, it has successfully carried out an agenda-gathering process that involved community groups in all regions and the two city administrations, as well as the identification of representatives that participate in the National Dialogue Conference.
According to Chief Commissioner Mesfin Araya, the national dialogue is laying the foundation for lasting peace and building a strong state.
He noted that the dialogue will create opportunity for citizens to reach consensus on major national issues and achieve sustainable development and progress in the social, political and economic spheres.
Stressing that resolving differences of opinion in a civilized manner through dialogue is crucial, the Chief Commissioner called on citizens to use the opportunity created to play a constructive role in building peace and development in the country.
He recalled that Ethiopians have identified problems in their regions and the country at large during the process and presented them to the Commission.
The Chief Commissioner stated that citizens participating in the National Dialogue Conference will represent all sections of society.
Since its establishment under Proclamation No. 1265/2021, the Ethiopian National Dialogue Commission has been carrying out various activities aimed at building consensus on fundamental issues that are not mutually exclusive as a country.","Addis Ababa, April 25, 2026 (ENA) —Final preparations are underway for the holding of the National Dialogue Conference, the culmination of the Ethiopian dialogue process, as the agenda-gathering process has been completed, Professor Mesfin Araya, Chi... [1462 chars]",https://www.ena.et/web/eng/w/eng_8722922,ENA English,https://www.ena.et,2026-04-25T17:24:25Z,2026-04-26T05:32:39Z
Nepal,Asantehene anniversary artwork crafted with 27 ounces of gold auctioned for GH¢1.5m,"The 27th anniversary celebration of the reign of the Asantehene Otumfuo Osei Tutu II was marked by a display of rich culture and luxury, with the unveiling of a symbolic gold clock artwork as the highlight.","The 27th anniversary celebration of the reign of the Asantehene Otumfuo Osei Tutu II was marked by a display of rich culture and luxury, with the unveiling of a symbolic gold clock artwork as the highlight.
The event was held at the Jubilee Hall of t... [1031 chars]",https://www.ghanaweb.com/GhanaHomePage/business/Asantehene-anniversary-artwork-crafted-with-27-ounces-of-gold-auctioned-for-GH-1-5m-2031596,GhanaWeb,https://www.ghanaweb.com,2026-04-25T17:24:03Z,2026-04-26T05:32:39Z
